topology,iteration,alg,primal_error,dual_residual,objective,total_communication,root_communication,maxnodeiters,optimal_value
6,1,hADMM,156.2923711504598,10.800486332583741,3.8341605e6,132.0,22.0,94,926830.7283619117
6,2,hADMM,128.94994309096285,8.832487354241028,271977.0979886311,264.0,44.0,94,926830.7283619117
6,3,hADMM,84.62644910301958,4.816871059904351,178110.26650279114,396.0,66.0,94,926830.7283619117
6,4,hADMM,66.85759391701205,2.350986988354883,315192.2506874205,528.0,88.0,94,926830.7283619117
6,5,hADMM,55.67286239508259,1.990770725453805,405560.2276669112,660.0,110.0,94,926830.7283619117
6,6,hADMM,46.89761273053934,1.703047278661323,465195.75821445533,792.0,132.0,94,926830.7283619117
6,7,hADMM,39.887811824562746,1.4693702697649744,518105.49280729645,924.0,154.0,94,926830.7283619117
6,8,hADMM,34.20552170069088,1.2762832886251019,564587.3322835307,1056.0,176.0,94,926830.7283619117
6,9,hADMM,29.53798302401264,1.1144254793635842,605360.9786318433,1188.0,198.0,94,926830.7283619117
6,10,hADMM,25.6571924318188,0.9771947166422308,641171.158020824,1320.0,220.0,94,926830.7283619117
6,11,hADMM,22.39503549284011,0.8597968125235553,672687.5755669916,1452.0,242.0,94,926830.7283619117
6,12,hADMM,19.626358497772504,0.7586429564526398,700487.2245014918,1584.0,264.0,94,926830.7283619117
6,13,hADMM,17.256982121091667,0.6709741147849879,725060.5506849657,1716.0,286.0,94,926830.7283619117
6,14,hADMM,15.215126529888488,0.5946223850046692,746823.5022817428,1848.0,308.0,94,926830.7283619117
6,15,hADMM,13.445281271534084,0.5278541301136705,766129.746329378,1980.0,330.0,94,926830.7283619117
6,16,hADMM,11.90383971663574,0.46926295629854486,783281.3659810249,2112.0,352.0,94,926830.7283619117
6,17,hADMM,10.556000004565304,0.41769417082606886,798537.7319362529,2244.0,374.0,94,926830.7283619117
6,18,hADMM,9.373565492743294,0.3721899326639697,812122.700078002,2376.0,396.0,94,926830.7283619117
6,19,hADMM,8.333377070746199,0.33194851945779646,824230.4103620035,2508.0,418.0,94,926830.7283619117
6,20,hADMM,7.4161856081838105,0.2962935279149246,835029.9630641062,2640.0,440.0,94,926830.7283619117
6,21,hADMM,6.605829799867893,0.2646502375152142,844669.2098170937,2772.0,462.0,94,926830.7283619117
6,22,hADMM,5.888626307197303,0.23652723971654588,853277.8505828436,2904.0,484.0,94,926830.7283619117
6,23,hADMM,5.252908648704877,0.21150199715131812,860969.9856034166,3036.0,506.0,94,926830.7283619117
6,24,hADMM,4.688671739061604,0.18920937343588307,867846.2368348644,3168.0,528.0,94,926830.7283619117
6,25,hADMM,4.1872928363880275,0.16933243358117167,873995.5264229338,3300.0,550.0,94,926830.7283619117
6,26,hADMM,3.741308918691182,0.15159499758398276,879496.5792973733,3432.0,572.0,94,926830.7283619117
6,27,hADMM,3.3442366491780047,0.13575556067189964,884419.2015869211,3564.0,594.0,94,926830.7283619117
6,28,hADMM,2.990425154263739,0.12160228865918654,888825.3750592455,3696.0,616.0,94,926830.7283619117
6,29,hADMM,2.674934544188837,0.10894886654523894,892770.1991747167,3828.0,638.0,94,926830.7283619117
6,30,hADMM,2.3934349323761777,0.0976310300632619,896302.7058431378,3960.0,660.0,94,926830.7283619117
6,31,hADMM,2.1421219699962544,0.08750364839258395,899466.5670305183,4092.0,682.0,94,926830.7283619117
6,32,hADMM,1.917645805633194,0.07843825518516034,902300.7115580584,4224.0,704.0,94,926830.7283619117
6,33,hADMM,1.7170510346197596,0.0703209470414059,904839.864477957,4356.0,726.0,94,926830.7283619117
6,34,hADMM,1.5377256957988903,0.06305058531689589,907115.0200826725,4488.0,748.0,94,926830.7283619117
6,35,hADMM,1.3773577546912552,0.05653725005254451,909153.8577531681,4620.0,770.0,94,926830.7283619117
6,36,hADMM,1.2338978117400703,0.05070090481855338,910981.1083644854,4752.0,792.0,94,926830.7283619117
6,37,hADMM,1.10552701229243,0.04547023909016623,912618.877761492,4884.0,814.0,94,926830.7283619117
6,38,hADMM,0.990629324918834,0.040781660841219036,914086.9328316015,5016.0,836.0,94,926830.7283619117
6,39,hADMM,0.8877675069092448,0.03657841705749654,915402.9548907997,5148.0,858.0,94,926830.7283619117
6,40,hADMM,0.7956621974682939,0.032809823543537675,916582.764424308,5280.0,880.0,94,926830.7283619117
6,41,hADMM,0.71317367695159,0.02943058868242865,917640.5206634373,5412.0,902.0,94,926830.7283619117
6,42,hADMM,0.6392859090164402,0.026400218228072703,918588.8990070905,5544.0,924.0,94,926830.7283619117
6,43,hADMM,0.5730925459515672,0.023682490281245805,919439.2488987074,5676.0,946.0,94,926830.7283619117
6,44,hADMM,0.5137846287058667,0.02124499126795243,920201.7344312683,5808.0,968.0,94,926830.7283619117
6,45,hADMM,0.46063975510591043,0.01905870511349228,920885.4596649889,5940.0,990.0,94,926830.7283619117
6,46,hADMM,0.41301252401908056,0.017097648943863675,921498.5803950657,6072.0,1012.0,94,926830.7283619117
6,47,hADMM,0.3703260915792081,0.015338549592570416,922048.403894457,6204.0,1034.0,94,926830.7283619117
6,48,hADMM,0.33206469921158244,0.013760555983527212,922541.4779732781,6336.0,1056.0,94,926830.7283619117
6,49,hADMM,0.29776705282194194,0.012344983126705955,922983.6705368678,6468.0,1078.0,94,926830.7283619117
6,50,hADMM,0.2670204491829421,0.011075084026479942,923380.2406868535,6600.0,1100.0,94,926830.7283619117
6,51,hADMM,0.23945555949936337,0.009935846280233918,923735.9022881961,6732.0,1122.0,94,926830.7283619117
6,52,hADMM,0.21474179207419566,0.008913810555947421,924054.8808201782,6864.0,1144.0,94,926830.7283619117
6,53,hADMM,0.19258316609263262,0.007996908470312647,924340.9642360182,6996.0,1166.0,94,926830.7283619117
6,54,hADMM,0.1727146372271888,0.0071743177375314104,924597.5484753731,7128.0,1188.0,94,926830.7283619117
6,55,hADMM,0.15489882321800588,0.006436332632336672,924827.678201746,7260.0,1210.0,94,926830.7283619117
6,56,hADMM,0.13892308397462394,0.0057742481346512164,925034.0832736492,7392.0,1232.0,94,926830.7283619117
6,57,hADMM,0.12459691627362575,0.0051802562449232425,925219.2114028323,7524.0,1254.0,94,926830.7283619117
6,58,hADMM,0.11174962792312607,0.00464735316396947,925385.2574033256,7656.0,1276.0,94,926830.7283619117
6,59,hADMM,0.1002282604162809,0.004169256171270064,925534.1893913223,7788.0,1298.0,94,926830.7283619117
6,60,hADMM,0.08989573276699392,0.003740329167078116,925667.7722570816,7920.0,1320.0,94,926830.7283619117
6,61,hADMM,0.08062918223801238,0.0033555159590470396,925787.5886955613,8052.0,1342.0,94,926830.7283619117
6,62,hADMM,0.0723184806858757,0.003010280474496696,925895.0580518506,8184.0,1364.0,94,926830.7283619117
6,63,hADMM,0.06486490741796037,0.0027005531697241736,925991.4532101705,8316.0,1386.0,94,926830.7283619117
6,64,hADMM,0.058179961795629294,0.0024226829858022825,926077.9157309433,8448.0,1408.0,94,926830.7283619117
6,65,hADMM,0.05218430049809647,0.0021733942709971643,926155.4694187656,8580.0,1430.0,94,926830.7283619117
6,66,hADMM,0.04680678624747212,0.001949748151536923,926225.0324848715,8712.0,1452.0,94,926830.7283619117
6,67,hADMM,0.04198363608700792,0.0017491078877611699,926287.4284503666,8844.0,1474.0,94,926830.7283619117
6,68,hADMM,0.03765765860519146,0.001569107801770997,926343.3959211959,8976.0,1496.0,94,926830.7283619117
6,69,hADMM,0.033777570789973066,0.0014076254060935156,926393.597352108,9108.0,1518.0,94,926830.7283619117
6,70,hADMM,0.030297386037952363,0.001262756402287124,926438.626904503,9240.0,1540.0,94,926830.7283619117
6,71,hADMM,0.02717586589524898,0.001132792252400705,926479.0174921947,9372.0,1562.0,94,926830.7283619117
6,72,hADMM,0.02437602875412718,0.00101620005783154,926515.2470992212,9504.0,1584.0,94,926830.7283619117
6,73,hADMM,0.021864709613053472,0.0009116045075217016,926547.7444451764,9636.0,1606.0,94,926830.7283619117
6,74,hADMM,0.019612165534976224,0.0008177716820654268,926576.8940655346,9768.0,1628.0,94,926830.7283619117
6,75,hADMM,0.017591721975462438,0.0007335945222664009,926603.0408675284,9900.0,1650.0,94,926830.7283619117
6,76,hADMM,0.015779455862357933,0.0006580797931086124,926626.4942158888,10032.0,1672.0,94,926830.7283619117
6,77,hADMM,0.014153911362318755,0.0005903363838051234,926647.5315968788,10164.0,1694.0,94,926830.7283619117
6,78,hADMM,0.012695845180981253,0.0005295648129397534,926666.401904472,10296.0,1716.0,94,926830.7283619117
6,79,hADMM,0.011387998173998338,0.0004750478110651102,926683.328387427,10428.0,1738.0,94,926830.7283619117
6,80,hADMM,0.010214890571001325,0.00042614187066547515,926698.5112924515,10560.0,1760.0,94,926830.7283619117
6,81,hADMM,0.009162638392805997,0.0003822696658435376,926712.130234835,10692.0,1782.0,94,926830.7283619117
6,82,hADMM,0.008218788790095983,0.0003429132433865334,926724.3463245793,10824.0,1804.0,94,926830.7283619117
6,83,hADMM,0.007372172470445057,0.0003076079294590528,926735.3040733987,10956.0,1826.0,94,926830.7283619117
6,84,hADMM,0.006612771293043785,0.00027593684446536315,926745.1331050275,11088.0,1848.0,94,926830.7283619117
6,85,hADMM,0.005931599577056814,0.00024752599169985956,926753.9496893347,11220.0,1870.0,94,926830.7283619117
6,86,hADMM,0.005320597637714411,0.00022203984830149182,926761.8581182174,11352.0,1892.0,94,926830.7283619117
6,87,hADMM,0.004772536324022605,0.00019917740914188187,926768.9519397481,11484.0,1914.0,94,926830.7283619117
6,88,hADMM,0.00428093139512216,0.0001786686374671831,926775.3150651252,11616.0,1936.0,94,926830.7283619117
6,89,hADMM,0.0038399667400445137,0.00016027128009099556,926781.0227615165,11748.0,1958.0,94,926830.7283619117
6,90,hADMM,0.003444425512632691,0.00014376801009419182,926786.1425426126,11880.0,1980.0,94,926830.7283619117
6,91,hADMM,0.0030896283681417875,0.00012896386319916076,926790.7349674072,12012.0,2002.0,94,926830.7283619117
6,92,hADMM,0.002771378069332738,0.00011568393757599438,926794.8543566739,12144.0,2024.0,94,926830.7283619117
6,93,hADMM,0.002485909804092853,0.00010377133016525875,926798.549435618,12276.0,2046.0,94,926830.7283619117
6,94,hADMM,0.00222984662510646,9.308528523099824e-5,926801.8639103144,12408.0,2068.0,94,926830.7283619117
6,1,nADMM,64.33961839276341,11.232676035346431,589044.4075556295,18714.0,691.0,3761,926830.7283619117
6,2,nADMM,31.45435661416456,2.763862156405205,706011.9125313961,30562.0,1240.0,3761,926830.7283619117
6,3,nADMM,24.59917758882756,2.1831632920205895,741341.1993022021,41825.0,1774.0,3761,926830.7283619117
6,4,nADMM,19.519257552130693,1.7435179775604812,771688.8217377455,52474.0,2286.0,3761,926830.7283619117
6,5,nADMM,15.645634627501154,1.402664342020028,797464.308194326,62691.0,2798.0,3761,926830.7283619117
6,6,nADMM,12.631746030203454,1.1343394927613737,819192.6011218457,72315.0,3288.0,3761,926830.7283619117
6,7,nADMM,10.25127349520928,0.9209197929309223,837419.5502377198,81477.0,3763.0,3761,926830.7283619117
6,8,nADMM,8.351370511351005,0.7499088704194143,852656.1575983522,90085.0,4231.0,3761,926830.7283619117
6,9,nADMM,6.822811489329611,0.6120878681099509,865355.9496822858,98258.0,4684.0,3761,926830.7283619117
6,10,nADMM,5.586063355600586,0.5005310304270854,875920.1213464326,105966.0,5122.0,3761,926830.7283619117
6,11,nADMM,4.581360771205871,0.4099352140961443,884694.2311441422,113132.0,5538.0,3761,926830.7283619117
6,12,nADMM,3.761876774079909,0.3361767495192911,891975.3633208019,119983.0,5954.0,3761,926830.7283619117
6,13,nADMM,3.09222326660171,0.27595561909119404,898007.4570899253,126390.0,6355.0,3761,926830.7283619117
6,14,nADMM,2.5441268398290338,0.226720152753062,903002.2300743253,132306.0,6734.0,3761,926830.7283619117
6,15,nADMM,2.094236641796211,0.18642103831748358,907138.2376540699,137919.0,7113.0,3761,926830.7283619117
6,16,nADMM,1.724909499319507,0.15335813808452592,910557.5950084638,143175.0,7477.0,3761,926830.7283619117
6,17,nADMM,1.4216577318179797,0.12622338437205727,913384.2587235288,148015.0,7819.0,3761,926830.7283619117
6,18,nADMM,1.171772019137857,0.10395585165085386,915723.3044975167,152534.0,8161.0,3761,926830.7283619117
6,19,nADMM,0.9662580911605445,0.08562644709657263,917654.2528937868,156792.0,8488.0,3761,926830.7283619117
6,20,nADMM,0.7970179450232415,0.07055002079650663,919249.2174306727,160675.0,8800.0,3761,926830.7283619117
6,21,nADMM,0.6577383607754862,0.05815832235938423,920568.5274264022,164265.0,9105.0,3761,926830.7283619117
6,22,nADMM,0.5428257622546817,0.04794674595803272,921656.9263363946,167651.0,9395.0,3761,926830.7283619117
6,23,nADMM,0.4480858409813474,0.03952580669806416,922555.2466206962,170719.0,9670.0,3761,926830.7283619117
6,24,nADMM,0.37013555477797133,0.03260542640499153,923298.7852280833,173542.0,9938.0,3761,926830.7283619117
6,25,nADMM,0.30567887328914484,0.02689347663110553,923911.5049962876,176134.0,10191.0,3761,926830.7283619117
6,26,nADMM,0.2525653927185151,0.02217472892104766,924416.8679760734,178480.0,10429.0,3761,926830.7283619117
6,27,nADMM,0.20857415683555755,0.018302726660094137,924835.9939633822,180628.0,10667.0,3761,926830.7283619117
6,28,nADMM,0.17268363759566974,0.015100904130628479,925180.4059664046,182582.0,10883.0,3761,926830.7283619117
6,29,nADMM,0.14282852243636832,0.012449978282331742,925464.4226730551,184344.0,11084.0,3761,926830.7283619117
6,30,nADMM,0.11810006589026553,0.010281894682830028,925700.6602292337,185950.0,11285.0,3761,926830.7283619117
6,31,nADMM,0.09774101917642798,0.008484587711594216,925894.3690155213,187397.0,11471.0,3761,926830.7283619117
6,32,nADMM,0.08123111740668026,0.006992260758947211,926053.4118733689,188641.0,11635.0,3761,926830.7283619117
6,33,nADMM,0.06731030242091486,0.005778136837426118,926186.8218021337,189807.0,11799.0,3761,926830.7283619117
6,34,nADMM,0.05592152915890178,0.00476905506312697,926295.425828334,190814.0,11948.0,3761,926830.7283619117
6,35,nADMM,0.04647956960750709,0.003925402993493421,926384.515026116,191719.0,12082.0,3761,926830.7283619117
6,36,nADMM,0.03854671633046351,0.0032536936644191883,926460.2815427381,192564.0,12216.0,3761,926830.7283619117
6,37,nADMM,0.0323547072341064,0.0026770595957277266,926520.7072894764,193251.0,12328.0,3761,926830.7283619117
6,38,nADMM,0.027013182999393117,0.0022134773118320794,926572.6087322982,193929.0,12440.0,3761,926830.7283619117
6,39,nADMM,0.0226731034653034,0.0018272056549264448,926613.933195982,194493.0,12537.0,3761,926830.7283619117
6,40,nADMM,0.01913025148944232,0.0014989451854834357,926646.8183749178,194943.0,12619.0,3761,926830.7283619117
6,41,nADMM,0.01602719948011721,0.0012449165423014108,926676.2632541233,195393.0,12701.0,3761,926830.7283619117
6,42,nADMM,0.01355865830743906,0.0010193039035559792,926698.9098585243,195759.0,12768.0,3761,926830.7283619117
6,43,nADMM,0.011409691050875638,0.0008478076160933767,926719.2045568295,196125.0,12835.0,3761,926830.7283619117
6,44,nADMM,0.009738584861177211,0.0006987340709763146,926734.4927494004,196416.0,12887.0,3761,926830.7283619117
6,45,nADMM,0.008275792325674089,0.0005712111118629792,926748.0076536821,196698.0,12939.0,3761,926830.7283619117
6,46,nADMM,0.007013130659601116,0.00047904322933156607,926760.158444576,196980.0,12991.0,3761,926830.7283619117
6,47,nADMM,0.006083676789157091,0.0003926429990173119,926768.4964930306,197187.0,13028.0,3761,926830.7283619117
6,48,nADMM,0.005263884686053581,0.0003250006775594727,926776.1416794581,197394.0,13065.0,3761,926830.7283619117
6,49,nADMM,0.004541663455687926,0.0002727664734845092,926783.1859359092,197601.0,13102.0,3761,926830.7283619117
6,50,nADMM,0.004064108899481585,0.00022118240251245425,926787.2252059989,197733.0,13124.0,3761,926830.7283619117
6,51,nADMM,0.0036444522843633266,0.00018000812474028294,926790.9234694242,197865.0,13146.0,3761,926830.7283619117
6,52,nADMM,0.003269060431261871,0.00014895274025406025,926794.4836060137,197997.0,13168.0,3761,926830.7283619117
6,53,nADMM,0.0029335455435709496,0.00012528767280883812,926797.8474703314,198129.0,13190.0,3761,926830.7283619117
6,54,nADMM,0.002633513777822094,0.00010693992987320655,926800.9831037008,198261.0,13212.0,3761,926830.7283619117
6,55,nADMM,0.0023646961706710475,9.241709271989862e-5,926803.8771085269,198393.0,13234.0,3761,926830.7283619117
6,1,fADMM,108.83467394955134,14.845769916699425,316024.61701546155,264.0,66.0,50,926830.7283619117
6,2,fADMM,43.38306755682786,4.693241309382248,571278.9236694988,528.0,132.0,50,926830.7283619117
6,3,fADMM,29.244118711814615,3.165505693264837,684517.8411928166,792.0,198.0,50,926830.7283619117
6,4,fADMM,21.32246266812822,2.391419782315154,737570.9643729666,1056.0,264.0,50,926830.7283619117
6,5,fADMM,15.939952866941727,1.8230682534191356,777689.2653231722,1320.0,330.0,50,926830.7283619117
6,6,fADMM,12.097883642757978,1.3978585916058428,808948.1237146345,1584.0,396.0,50,926830.7283619117
6,7,fADMM,9.260113756563833,1.077425496795664,833468.7084745585,1848.0,462.0,50,926830.7283619117
6,8,fADMM,7.134736393122294,0.8346356937813777,852752.9718891183,2112.0,528.0,50,926830.7283619117
6,9,fADMM,5.528145633903054,0.6496667562903884,867945.8758760679,2376.0,594.0,50,926830.7283619117
6,10,fADMM,4.30440541300095,0.5079490529432604,879936.5818641351,2640.0,660.0,50,926830.7283619117
6,11,fADMM,3.3660712347037633,0.39875899258838565,889418.1414466399,2904.0,726.0,50,926830.7283619117
6,12,fADMM,2.6461450074018935,0.3141821476917954,896930.8231708384,3168.0,792.0,50,926830.7283619117
6,13,fADMM,2.0884657310696797,0.24834866610945028,902895.7802765173,3432.0,858.0,50,926830.7283619117
6,14,fADMM,1.6533493747091186,0.19687724237768656,907641.527293098,3696.0,924.0,50,926830.7283619117
6,15,fADMM,1.3124077167432728,0.1564746443820777,911424.6738177241,3960.0,990.0,50,926830.7283619117
6,16,fADMM,1.0463110980260335,0.12464804960327491,914446.0556897012,4224.0,1056.0,50,926830.7283619117
6,17,fADMM,0.8361049697303768,0.09949784731866274,916863.2232997062,4488.0,1122.0,50,926830.7283619117
6,18,fADMM,0.6693757075900946,0.07956749274888963,918800.0830466647,4752.0,1188.0,50,926830.7283619117
6,19,fADMM,0.5367805606725966,0.06373386158915118,920354.3346246437,5016.0,1254.0,50,926830.7283619117
6,20,fADMM,0.4316517859722317,0.05112651408913216,921603.2116042008,5280.0,1320.0,50,926830.7283619117
6,21,fADMM,0.34783594110507643,0.04106775520046391,922607.9197940647,5544.0,1386.0,50,926830.7283619117
6,22,fADMM,0.28061182385538586,0.03302778406621698,923417.0769639959,5808.0,1452.0,50,926830.7283619117
6,23,fADMM,0.22660733837345134,0.026590888588144068,924069.3861683108,6072.0,1518.0,50,926830.7283619117
6,24,fADMM,0.1831601856975723,0.021429793611140724,924595.7198156705,6336.0,1584.0,50,926830.7283619117
6,25,fADMM,0.1482535606627794,0.017286076550828255,925020.7495103006,6600.0,1650.0,50,926830.7283619117
6,26,fADMM,0.12023223779730802,0.013955131743419003,925364.2246737703,6864.0,1716.0,50,926830.7283619117
6,27,fADMM,0.09756433886018599,0.011274568364004978,925641.9786894119,7128.0,1782.0,50,926830.7283619117
6,28,fADMM,0.07921139921621974,0.009115216512721958,925866.7229287548,7392.0,1848.0,50,926830.7283619117
6,29,fADMM,0.06434076120270896,0.007374125921991492,926048.6750804918,7656.0,1914.0,50,926830.7283619117
6,30,fADMM,0.05228356856598897,0.0059690950557858,926196.0576107221,7920.0,1980.0,50,926830.7283619117
6,31,fADMM,0.04250167281046295,0.00483438127083069,926315.4941111002,8184.0,2046.0,50,926830.7283619117
6,32,fADMM,0.03457245816611618,0.003917326471670535,926412.3251182102,8448.0,2112.0,50,926830.7283619117
6,33,fADMM,0.0281628639909515,0.0031756952687516105,926490.8602483048,8712.0,2178.0,50,926830.7283619117
6,34,fADMM,0.022946516075192054,0.0025755697026781377,926554.5798388929,8976.0,2244.0,50,926830.7283619117
6,35,fADMM,0.01869991642133893,0.0020896801920855523,926606.2964621021,9240.0,2310.0,50,926830.7283619117
6,36,fADMM,0.0152418071529688,0.001696079437897069,926648.2844789053,9504.0,2376.0,50,926830.7283619117
6,37,fADMM,0.012425080646660059,0.0013770867190814329,926682.3840909199,9768.0,2442.0,50,926830.7283619117
6,38,fADMM,0.010130269280585129,0.0011184459193440688,926710.0850063631,10032.0,2508.0,50,926830.7283619117
6,39,fADMM,0.008260297804576992,0.0009086528973973884,926732.5937843962,10296.0,2574.0,50,926830.7283619117
6,40,fADMM,0.0067362473517609805,0.000738417322406093,926750.8880931543,10560.0,2640.0,50,926830.7283619117
6,41,fADMM,0.005493931719526018,0.0006002314923581054,926765.7604619142,10824.0,2706.0,50,926830.7283619117
6,42,fADMM,0.004481127066345515,0.0004880244249250154,926777.853589191,11088.0,2772.0,50,926830.7283619117
6,43,fADMM,0.003656176353782106,0.0003968840301098453,926787.6888567677,11352.0,2838.0,50,926830.7283619117
6,44,fADMM,0.002985375313978954,0.0003228337230201106,926795.689372005,11616.0,2904.0,50,926830.7283619117
6,45,fADMM,0.002437707863195507,0.0002626526301554577,926802.198599594,11880.0,2970.0,50,926830.7283619117
6,46,fADMM,0.0019905517417114042,0.00021373074893737964,926807.4954352771,12144.0,3036.0,50,926830.7283619117
6,47,fADMM,0.0016254468908848958,0.00017395216630156085,926811.8064072204,12408.0,3102.0,50,926830.7283619117
6,48,fADMM,0.0013273278401888812,0.00014160082692171727,926815.3155570227,12672.0,3168.0,50,926830.7283619117
6,49,fADMM,0.0010838982093770793,0.00011528444168185104,926818.172445136,12936.0,3234.0,50,926830.7283619117
6,50,fADMM,0.0008851208507229466,9.387300311125557e-5,926820.4986393655,13200.0,3300.0,50,926830.7283619117
27,1,hADMM,175.85903115575468,9.769223950462465,9.0480005e6,130.0,22.0,135,1.4205208209392747e6
27,2,hADMM,137.73185860252045,7.241331944313161,343951.9687897248,260.0,44.0,135,1.4205208209392747e6
27,3,hADMM,105.71260680633735,4.272635697239242,192308.28329654707,390.0,66.0,135,1.4205208209392747e6
27,4,hADMM,89.0639242537679,3.1855236341666515,362361.8649735595,520.0,88.0,135,1.4205208209392747e6
27,5,hADMM,76.47715985043986,2.8151026435605733,464165.92721637007,650.0,110.0,135,1.4205208209392747e6
27,6,hADMM,66.42877678496706,2.500948885672271,541521.6454625495,780.0,132.0,135,1.4205208209392747e6
27,7,hADMM,58.23488800243885,2.232886872563151,613137.1701903532,910.0,154.0,135,1.4205208209392747e6
27,8,hADMM,51.44365325797653,2.0023410141019777,678760.3422839821,1040.0,176.0,135,1.4205208209392747e6
27,9,hADMM,45.73549022096675,1.8024898314665112,738669.5148881846,1170.0,198.0,135,1.4205208209392747e6
27,10,hADMM,40.87827431354263,1.6279822052963766,793318.0921558039,1300.0,220.0,135,1.4205208209392747e6
27,11,hADMM,36.70066385933822,1.4746096542866542,843192.6869722104,1430.0,242.0,135,1.4205208209392747e6
27,12,hADMM,33.07428581365495,1.3390339293555709,888757.3981298904,1560.0,264.0,135,1.4205208209392747e6
27,13,hADMM,29.901468040287103,1.2185795803236665,930434.8597626329,1690.0,286.0,135,1.4205208209392747e6
27,14,hADMM,27.10671945351862,1.111079753559908,968602.7476371271,1820.0,308.0,135,1.4205208209392747e6
27,15,hADMM,24.630778563935607,1.0147617046889135,1.0035963246459765e6,1950.0,330.0,135,1.4205208209392747e6
27,16,hADMM,22.42642534236291,0.9281611979465278,1.0357129320828317e6,2080.0,352.0,135,1.4205208209392747e6
27,17,hADMM,20.455505870329084,0.8500578939560146,1.0652167351306248e6,2210.0,374.0,135,1.4205208209392747e6
27,18,hADMM,18.68679446619863,0.7794261039005601,1.0923430919261354e6,2340.0,396.0,135,1.4205208209392747e6
27,19,hADMM,17.094437820228332,0.7153969058019882,1.1173023658990955e6,2470.0,418.0,135,1.4205208209392747e6
27,20,hADMM,15.656807089914555,0.6572287442570719,1.1402831799998858e6,2600.0,440.0,135,1.4205208209392747e6
27,21,hADMM,14.35563897031398,0.6042844210553451,1.1614551735117761e6,2730.0,462.0,135,1.4205208209392747e6
27,22,hADMM,13.175383920215781,0.5560129396494524,1.18097133619621e6,2860.0,484.0,135,1.4205208209392747e6
27,23,hADMM,12.102704825966974,0.5119350643371714,1.1989699903949916e6,2990.0,506.0,135,1.4205208209392747e6
27,24,hADMM,11.126086391746629,0.4716317432506898,1.2155764819439964e6,3120.0,528.0,135,1.4205208209392747e6
27,25,hADMM,10.235527132971052,0.4347347551261347,1.230904630314257e6,3250.0,550.0,135,1.4205208209392747e6
27,26,hADMM,9.422293806662283,0.4009190952780841,1.2450579790517755e6,3380.0,572.0,135,1.4205208209392747e6
27,27,hADMM,8.678723629853629,0.369896731558935,1.2581308797798306e6,3510.0,594.0,135,1.4205208209392747e6
27,28,hADMM,7.998063504987056,0.34141144720438277,1.2702094367043423e6,3640.0,616.0,135,1.4205208209392747e6
27,29,hADMM,7.374338216047308,0.31523455208066586,1.2813723335085239e6,3770.0,638.0,135,1.4205208209392747e6
27,30,hADMM,6.802241531756547,0.2911612926653806,1.2916915605023117e6,3900.0,660.0,135,1.4205208209392747e6
27,31,hADMM,6.277045588103638,0.26900782809063983,1.301233056689734e6,4030.0,682.0,135,1.4205208209392747e6
27,32,hADMM,5.794524980500351,0.2486086678600774,1.3100572788620822e6,4160.0,704.0,135,1.4205208209392747e6
27,33,hADMM,5.350892785596732,0.22981448854516096,1.3182197077737872e6,4290.0,726.0,135,1.4205208209392747e6
27,34,hADMM,4.942746327640409,0.21249026353198452,1.3257712998044172e6,4420.0,748.0,135,1.4205208209392747e6
27,35,hADMM,4.56702095840793,0.19651365291771583,1.3327588911690302e6,4550.0,770.0,135,1.4205208209392747e6
27,36,hADMM,4.2209504682320915,0.18177361084320864,1.339225560645034e6,4680.0,792.0,135,1.4205208209392747e6
27,37,hADMM,3.902033016762222,0.16816917556321087,1.3452109558860904e6,4810.0,814.0,135,1.4205208209392747e6
27,38,hADMM,3.608001683791803,0.1556084139081122,1.35075158765294e6,4940.0,836.0,135,1.4205208209392747e6
27,39,hADMM,3.336798907174011,0.1440074968161298,1.3558810956754172e6,5070.0,858.0,135,1.4205208209392747e6
27,40,hADMM,3.0865542077060946,0.13328988671506892,1.3606304893502921e6,5200.0,880.0,135,1.4205208209392747e6
27,41,hADMM,2.8555647061257257,0.12338562073099268,1.365028366044264e6,5330.0,902.0,135,1.4205208209392747e6
27,42,hADMM,2.642278022719716,0.11423067638842355,1.369101109414698e6,5460.0,924.0,135,1.4205208209392747e6
27,43,hADMM,2.44527721857844,0.1057664085969634,1.3728730698503915e6,5590.0,946.0,135,1.4205208209392747e6
27,44,hADMM,2.263267493332921,0.09793904848592838,1.3763667288747858e6,5720.0,968.0,135,1.4205208209392747e6
27,45,hADMM,2.0950643999217773,0.09069925609613172,1.3796028491310547e6,5850.0,990.0,135,1.4205208209392747e6
27,46,hADMM,1.9395833742786177,0.08400172013675089,1.3826006113770087e6,5980.0,1012.0,135,1.4205208209392747e6
27,47,hADMM,1.7958304087995698,0.07780479900907089,1.38537773975301e6,6110.0,1034.0,135,1.4205208209392747e6
27,48,hADMM,1.6628937240091233,0.07207019812896753,1.3879506164435577e6,6240.0,1056.0,135,1.4205208209392747e6
27,49,hADMM,1.539936314142642,0.0667626792753584,1.3903343867294632e6,6370.0,1078.0,135,1.4205208209392747e6
27,50,hADMM,1.4261892602147668,0.06184979827580506,1.392543055319933e6,6500.0,1100.0,135,1.4205208209392747e6
27,51,hADMM,1.320945719008337,0.057301667834533276,1.3945895747593169e6,6630.0,1122.0,135,1.4205208209392747e6
27,52,hADMM,1.2235555090451502,0.05309074272668646,1.3964859266214096e6,6760.0,1144.0,135,1.4205208209392747e6
27,53,hADMM,1.133420225188111,0.0491916249377482,1.398243196130869e6,6890.0,1166.0,135,1.4205208209392747e6
27,54,hADMM,1.0499888226207954,0.04558088663180371,1.3998716407878422e6,7020.0,1188.0,135,1.4205208209392747e6
27,55,hADMM,0.9727536184617109,0.04223690909189948,1.401380753514776e6,7150.0,1210.0,135,1.4205208209392747e6
27,56,hADMM,0.9012466659871297,0.03913973599950715,1.4027793207948534e6,7280.0,1232.0,135,1.4205208209392747e6
27,57,hADMM,0.835036461925535,0.03627093961294392,1.4040754762261263e6,7410.0,1254.0,135,1.4205208209392747e6
27,58,hADMM,0.7737249521588162,0.03361349857111229,1.4052767498761574e6,7540.0,1276.0,135,1.4205208209392747e6
27,59,hADMM,0.7169448052945128,0.031151686193629402,1.4063901137862243e6,7670.0,1298.0,135,1.4205208209392747e6
27,60,hADMM,0.664356927160199,0.028870968274091524,1.407422023942255e6,7800.0,1320.0,135,1.4205208209392747e6
27,61,hADMM,0.6156481923603443,0.02675790947251855,1.408378459001689e6,7930.0,1342.0,135,1.4205208209392747e6
27,62,hADMM,0.5705293717513376,0.02480008750909768,1.4092649560389654e6,8060.0,1364.0,135,1.4205208209392747e6
27,63,hADMM,0.5287332370423238,0.02298601444653947,1.4100866435499645e6,8190.0,1386.0,135,1.4205208209392747e6
27,64,hADMM,0.4900128257955955,0.021305064420007014,1.4108482719347507e6,8320.0,1408.0,135,1.4205208209392747e6
27,65,hADMM,0.4541398518281602,0.019747407240101822,1.4115542416587062e6,8450.0,1430.0,135,1.4205208209392747e6
27,66,hADMM,0.4209032476828989,0.01830394735305063,1.4122086292759124e6,8580.0,1452.0,135,1.4205208209392747e6
27,67,hADMM,0.390107827165555,0.01696626769084908,1.4128152114825465e6,8710.0,1474.0,135,1.4205208209392747e6
27,68,hADMM,0.3615730572103364,0.015726577987793533,1.4133774873543428e6,8840.0,1496.0,135,1.4205208209392747e6
27,69,hADMM,0.33513192929538393,0.01457766719304665,1.4138986989093325e6,8970.0,1518.0,135,1.4205208209392747e6
27,70,hADMM,0.310629921870205,0.013512859617657469,1.4143818501258777e6,9100.0,1540.0,135,1.4205208209392747e6
27,71,hADMM,0.2879240457644575,0.012525974518768024,1.4148297245346338e6,9230.0,1562.0,135,1.4205208209392747e6
27,72,hADMM,0.2668819654754305,0.011611288828389021,1.4152449014944523e6,9360.0,1584.0,135,1.4205208209392747e6
27,73,hADMM,0.24738118996518066,0.010763502770851474,1.4156297712527448e6,9490.0,1606.0,135,1.4205208209392747e6
27,74,hADMM,0.22930832707470528,0.009977708133215302,1.4159865488830458e6,9620.0,1628.0,135,1.4205208209392747e6
27,75,hADMM,0.21255839626293854,0.009249358974072308,1.4163172871851912e6,9750.0,1650.0,135,1.4205208209392747e6
27,76,hADMM,0.19703419485037987,0.008574244574873546,1.416623888626741e6,9880.0,1672.0,135,1.4205208209392747e6
27,77,hADMM,0.182645713380445,0.007948464454894832,1.416908116398133e6,10010.0,1694.0,135,1.4205208209392747e6
27,78,hADMM,0.16930959610200008,0.007368405286095836,1.4171716046484122e6,10140.0,1716.0,135,1.4205208209392747e6
27,79,hADMM,0.15694864292678148,0.006830719558116982,1.4174158679631609e6,10270.0,1738.0,135,1.4205208209392747e6
27,80,hADMM,0.14549134953334272,0.006332305856197706,1.4176423101415355e6,10400.0,1760.0,135,1.4205208209392747e6
27,81,hADMM,0.13487148257478518,0.005870290626008412,1.4178522323248854e6,10530.0,1782.0,135,1.4205208209392747e6
27,82,hADMM,0.12502768720741095,0.0054420113101443235,1.4180468405254544e6,10660.0,1804.0,135,1.4205208209392747e6
27,83,hADMM,0.1159031243917848,0.005045000750053319,1.418227252599925e6,10790.0,1826.0,135,1.4205208209392747e6
27,84,hADMM,0.10744513563108066,0.00467697275600365,1.4183945047091483e6,10920.0,1848.0,135,1.4205208209392747e6
27,85,hADMM,0.09960493300535397,0.004335808755591586,1.4185495573023248e6,11050.0,1870.0,135,1.4205208209392747e6
27,86,hADMM,0.09233731253679248,0.00401954543821148,1.4186933006609115e6,11180.0,1892.0,135,1.4205208209392747e6
27,87,hADMM,0.0856003890807116,0.003726363319790593,1.418826560034946e6,11310.0,1914.0,135,1.4205208209392747e6
27,88,hADMM,0.07935535108446509,0.0034545761577771117,1.418950100401973e6,11440.0,1936.0,135,1.4205208209392747e6
27,89,hADMM,0.07356623368236921,0.003202621152064822,1.4190646308764997e6,11570.0,1958.0,135,1.4205208209392747e6
27,90,hADMM,0.0681997087590838,0.0029690498726111514,1.4191708087958286e6,11700.0,1980.0,135,1.4205208209392747e6
27,91,hADMM,0.06322489062126675,0.002752519858757907,1.4192692435061405e6,11830.0,2002.0,135,1.4205208209392747e6
27,92,hADMM,0.058613156131403096,0.0025517868401401245,1.41936049987094e6,11960.0,2024.0,135,1.4205208209392747e6
27,93,hADMM,0.05433797826751269,0.0023656975322925433,1.4194451015224408e6,12090.0,2046.0,135,1.4205208209392747e6
27,94,hADMM,0.050374771944259766,0.002193182964054685,1.4195235338745893e6,12220.0,2068.0,135,1.4205208209392747e6
27,95,hADMM,0.04670075132817806,0.002033252297154675,1.4195962469155237e6,12350.0,2090.0,135,1.4205208209392747e6
27,96,hADMM,0.04329479770434157,0.0018849871016239916,1.419663657795553e6,12480.0,2112.0,135,1.4205208209392747e6
27,97,hADMM,0.04013733705736569,0.0017475360499776826,1.4197261532256715e6,12610.0,2134.0,135,1.4205208209392747e6
27,98,hADMM,0.03721022678034135,0.0016201100078738762,1.4197840917006498e6,12740.0,2156.0,135,1.4205208209392747e6
27,99,hADMM,0.03449665069481285,0.0015019774787958795,1.4198378055594228e6,12870.0,2178.0,135,1.4205208209392747e6
27,100,hADMM,0.031981021793014076,0.0013924603874375663,1.4198876028948298e6,13000.0,2200.0,135,1.4205208209392747e6
27,101,hADMM,0.029648892212751084,0.0012909301717805022,1.4199337693237406e6,13130.0,2222.0,135,1.4205208209392747e6
27,102,hADMM,0.02748686975574898,0.0011968041620296077,1.4199765696277232e6,13260.0,2244.0,135,1.4205208209392747e6
27,103,hADMM,0.025482540614849593,0.0011095422250093634,1.4200162492738774e6,13390.0,2266.0,135,1.4205208209392747e6
27,104,hADMM,0.023624397758974902,0.0010286436548163636,1.4200530358244786e6,13520.0,2288.0,135,1.4205208209392747e6
27,105,hADMM,0.021901774559860473,0.0009536442912523313,1.4200871402436194e6,13650.0,2310.0,135,1.4205208209392747e6
27,106,hADMM,0.020304783327450858,0.0008841138493345113,1.4201187581084745e6,13780.0,2332.0,135,1.4205208209392747e6
27,107,hADMM,0.01882425832700872,0.0008196534444309123,1.4201480707320343e6,13910.0,2354.0,135,1.4205208209392747e6
27,108,hADMM,0.01745170300019952,0.000759893298724279,1.4201752462038563e6,14040.0,2376.0,135,1.4205208209392747e6
27,109,hADMM,0.016179241028830834,0.0007044906148525598,1.4202004403546974e6,14170.0,2398.0,135,1.4205208209392747e6
27,110,hADMM,0.014999571019668943,0.0006531276062684555,1.4202237976514166e6,14300.0,2420.0,135,1.4205208209392747e6
27,111,hADMM,0.013905924478891522,0.00060550967073425,1.4202454520251155e6,14430.0,2442.0,135,1.4205208209392747e6
27,112,hADMM,0.012892026878910851,0.0005613636977468417,1.420265527640278e6,14560.0,2464.0,135,1.4205208209392747e6
27,113,hADMM,0.01195206156584942,0.0005204364996167499,1.4202841396070302e6,14690.0,2486.0,135,1.4205208209392747e6
27,114,hADMM,0.011080636337335808,0.00048249335725714104,1.4203013946416047e6,14820.0,2508.0,135,1.4205208209392747e6
27,115,hADMM,0.010272752429286835,0.00044731667231978633,1.420317391678498e6,14950.0,2530.0,135,1.4205208209392747e6
27,116,hADMM,0.009523775767826897,0.00041470471758664473,1.4203322224381021e6,15080.0,2552.0,135,1.4205208209392747e6
27,117,hADMM,0.008829410377145307,0.00038447047899659026,1.4203459719528724e6,15210.0,2574.0,135,1.4205208209392747e6
27,118,hADMM,0.008185673676226473,0.0003564405818643479,1.420358719055016e6,15340.0,2596.0,135,1.4205208209392747e6
27,119,hADMM,0.007588873605817942,0.0003304542958968426,1.4203705368286823e6,15470.0,2618.0,135,1.4205208209392747e6
27,120,hADMM,0.0070355874200110635,0.00030636261252148245,1.4203814930291967e6,15600.0,2640.0,135,1.4205208209392747e6
27,121,hADMM,0.006522642033724049,0.00028402738985455755,1.4203916504716275e6,15730.0,2662.0,135,1.4205208209392747e6
27,122,hADMM,0.006047095810753848,0.00026332056044253704,1.4204010673910605e6,15860.0,2684.0,135,1.4205208209392747e6
27,123,hADMM,0.005606221656914387,0.00024412339417345663,1.4204097977764118e6,15990.0,2706.0,135,1.4205208209392747e6
27,124,hADMM,0.005197491381786071,0.0002263258207246821,1.4204178916806239e6,16120.0,2728.0,135,1.4205208209392747e6
27,125,hADMM,0.00481856117549409,0.00020982579535910872,1.420425395506868e6,16250.0,2750.0,135,1.4205208209392747e6
27,126,hADMM,0.004467258161247653,0.00019452871428704555,1.4204323522752118e6,16380.0,2772.0,135,1.4205208209392747e6
27,127,hADMM,0.00414156792419963,0.00018034687196788468,1.4204388018691766e6,16510.0,2794.0,135,1.4205208209392747e6
27,128,hADMM,0.003839622951618922,0.00016719895796946105,1.4204447812644262e6,16640.0,2816.0,135,1.4205208209392747e6
27,129,hADMM,0.003559691916648284,0.00015500959062109132,1.4204503247407994e6,16770.0,2838.0,135,1.4205208209392747e6
27,130,hADMM,0.0033001697445612576,0.0001437088845950285,1.4204554640788734e6,16900.0,2860.0,135,1.4205208209392747e6
27,131,hADMM,0.0030595684037966727,0.00013323205016213535,1.4204602287421862e6,17030.0,2882.0,135,1.4205208209392747e6
27,132,hADMM,0.0028365083689548794,0.00012351902148743932,1.4204646460461838e6,17160.0,2904.0,135,1.4205208209392747e6
27,133,hADMM,0.002629710708662881,0.00011451411162610725,1.420468741314838e6,17290.0,2926.0,135,1.4205208209392747e6
27,134,hADMM,0.0024379897472625043,0.00010616569675292453,1.420472538025816e6,17420.0,2948.0,135,1.4205208209392747e6
27,135,hADMM,0.0022602462544648446,9.842591161124403e-5,1.4204760579451679e6,17550.0,2970.0,135,1.4205208209392747e6
27,1,nADMM,101.99721891449397,13.635035390376082,596919.4257280143,21100.0,751.0,7108,1.4205208209392747e6
27,2,nADMM,61.00987978777681,4.668013297892282,787862.4611493619,35852.0,1383.0,7108,1.4205208209392747e6
27,3,nADMM,49.292106784001,3.858865724946405,862585.556890692,50232.0,2000.0,7108,1.4205208209392747e6
27,4,nADMM,40.50881204240997,3.232665221245929,929992.1513060643,64000.0,2598.0,7108,1.4205208209392747e6
27,5,nADMM,33.70191997491611,2.731833825672899,990069.437351582,77393.0,3193.0,7108,1.4205208209392747e6
27,6,nADMM,28.297848837015025,2.322972198201631,1.0432546105223701e6,90093.0,3769.0,7108,1.4205208209392747e6
27,7,nADMM,23.928428668468417,1.9845368581379805,1.0901501820826053e6,102286.0,4330.0,7108,1.4205208209392747e6
27,8,nADMM,20.346132817444378,1.7015635067863553,1.1313919301786423e6,114053.0,4872.0,7108,1.4205208209392747e6
27,9,nADMM,17.376407298075563,1.4631598350409476,1.1675979946769532e6,125214.0,5402.0,7108,1.4205208209392747e6
27,10,nADMM,14.893144017751462,1.2611144741998181,1.199343203002995e6,135931.0,5917.0,7108,1.4205208209392747e6
27,11,nADMM,12.801873042812591,1.089086584554222,1.227154580166101e6,146315.0,6432.0,7108,1.4205208209392747e6
27,12,nADMM,11.030840532712212,0.9420226050648957,1.2515000486873526e6,156126.0,6928.0,7108,1.4205208209392747e6
27,13,nADMM,9.52369074146215,0.8159218391677818,1.2728022954317818e6,165547.0,7409.0,7108,1.4205208209392747e6
27,14,nADMM,8.236200840461345,0.7075048997039293,1.291434633975529e6,174611.0,7878.0,7108,1.4205208209392747e6
27,15,nADMM,7.132903770204415,0.6141044456462996,1.3077284803306656e6,183279.0,8340.0,7108,1.4205208209392747e6
27,16,nADMM,6.184616379259701,0.5334613675700783,1.3219719674920412e6,191446.0,8790.0,7108,1.4205208209392747e6
27,17,nADMM,5.367834955588647,0.46373984514847066,1.3344212144750427e6,199217.0,9225.0,7108,1.4205208209392747e6
27,18,nADMM,4.662890283847418,0.403389300677528,1.3453028112064668e6,206694.0,9660.0,7108,1.4205208209392747e6
27,19,nADMM,4.053549815408854,0.35106547723421677,1.354810551217068e6,213883.0,10083.0,7108,1.4205208209392747e6
27,20,nADMM,3.5261576505296555,0.3056797955330115,1.3631189820795492e6,220712.0,10499.0,7108,1.4205208209392747e6
27,21,nADMM,3.069013582401605,0.2662517460552287,1.370376718274261e6,227181.0,10900.0,7108,1.4205208209392747e6
27,22,nADMM,2.6723990154535557,0.23198979097058903,1.3767172039660404e6,233323.0,11289.0,7108,1.4205208209392747e6
27,23,nADMM,2.327995421618066,0.20221053806127998,1.3822578296477024e6,239129.0,11678.0,7108,1.4205208209392747e6
27,24,nADMM,2.0288270044491634,0.17628660034179688,1.3870965131701988e6,244704.0,12048.0,7108,1.4205208209392747e6
27,25,nADMM,1.7685194942771933,0.15373215257846873,1.3913247223067947e6,249970.0,12418.0,7108,1.4205208209392747e6
27,26,nADMM,1.5420780794160271,0.1340754185083668,1.3950165876564838e6,254942.0,12773.0,7108,1.4205208209392747e6
27,27,nADMM,1.3449110513096012,0.11696918175580073,1.3982429852944517e6,259680.0,13128.0,7108,1.4205208209392747e6
27,28,nADMM,1.1732644056307984,0.10204303208130128,1.4010598132427074e6,264139.0,13471.0,7108,1.4205208209392747e6
27,29,nADMM,1.0238455329031901,0.08903527047547932,1.403519499388086e6,268367.0,13795.0,7108,1.4205208209392747e6
27,30,nADMM,0.8934721963570069,0.07770742463326208,1.405669678080159e6,272319.0,14119.0,7108,1.4205208209392747e6
27,31,nADMM,0.7798286303092715,0.06781487867217706,1.407546427787112e6,276076.0,14428.0,7108,1.4205208209392747e6
27,32,nADMM,0.6807412959700534,0.05919813321115441,1.4091868089220698e6,279566.0,14737.0,7108,1.4205208209392747e6
27,33,nADMM,0.5943041474075974,0.051668920519343686,1.4106186097505733e6,282894.0,15034.0,7108,1.4205208209392747e6
27,34,nADMM,0.5190870936968169,0.0451124103318854,1.4118699028355067e6,286033.0,15324.0,7108,1.4205208209392747e6
27,35,nADMM,0.4533523763188663,0.03937510057723692,1.4129617704798328e6,288914.0,15602.0,7108,1.4205208209392747e6
27,36,nADMM,0.39591965081893066,0.034387485066632806,1.4139167936528828e6,291660.0,15877.0,7108,1.4205208209392747e6
27,37,nADMM,0.3458676575832182,0.030013390400265294,1.4147494611978657e6,294133.0,16140.0,7108,1.4205208209392747e6
27,38,nADMM,0.30215283597776194,0.02620078152922467,1.4154765364520857e6,296543.0,16391.0,7108,1.4205208209392747e6
27,39,nADMM,0.2639842641789356,0.0228857396763118,1.4161129299207989e6,298764.0,16641.0,7108,1.4205208209392747e6
27,40,nADMM,0.23083222634782458,0.01997780770334856,1.4166674249696597e6,300808.0,16873.0,7108,1.4205208209392747e6
27,41,nADMM,0.2017577723004323,0.017451851735737378,1.4171528625259006e6,302732.0,17102.0,7108,1.4205208209392747e6
27,42,nADMM,0.17641393112616666,0.015230231940542183,1.4175755674861579e6,304488.0,17319.0,7108,1.4205208209392747e6
27,43,nADMM,0.1542306756665666,0.013310442206487139,1.4179464221467008e6,306157.0,17536.0,7108,1.4205208209392747e6
27,44,nADMM,0.13484840230378564,0.011616907110152397,1.418269121760319e6,307697.0,17741.0,7108,1.4205208209392747e6
27,45,nADMM,0.11805939217670249,0.010152320029513717,1.418551774209254e6,309126.0,17939.0,7108,1.4205208209392747e6
27,46,nADMM,0.1033874696872312,0.008856646953089964,1.4187971992210615e6,310381.0,18122.0,7108,1.4205208209392747e6
27,47,nADMM,0.0904805209390236,0.007745163524420562,1.4190133047621835e6,311624.0,18305.0,7108,1.4205208209392747e6
27,48,nADMM,0.07923492091486625,0.006754103729161187,1.4192006546605772e6,312741.0,18476.0,7108,1.4205208209392747e6
27,49,nADMM,0.06938902621015061,0.005892996001170658,1.4193639474518388e6,313762.0,18635.0,7108,1.4205208209392747e6
27,50,nADMM,0.060764758038309975,0.005153442413842413,1.4195079885358564e6,314705.0,18794.0,7108,1.4205208209392747e6
27,51,nADMM,0.053282277230474226,0.004492096798953682,1.4196320619480612e6,315537.0,18937.0,7108,1.4205208209392747e6
27,52,nADMM,0.046820256463610634,0.003932684888814819,1.4197419198825948e6,316339.0,19074.0,7108,1.4205208209392747e6
27,53,nADMM,0.04118961673638969,0.0034271788822142213,1.4198366784835013e6,317048.0,19199.0,7108,1.4205208209392747e6
27,54,nADMM,0.036211301506235055,0.002999458172595837,1.419920691968311e6,317724.0,19324.0,7108,1.4205208209392747e6
27,55,nADMM,0.031879937005561874,0.002610628595672182,1.4199927225764354e6,318307.0,19437.0,7108,1.4205208209392747e6
27,56,nADMM,0.028013054899595526,0.002288785388136816,1.4200571656902411e6,318890.0,19550.0,7108,1.4205208209392747e6
27,57,nADMM,0.02467743074668163,0.001991974551073028,1.4201117849396102e6,319395.0,19647.0,7108,1.4205208209392747e6
27,58,nADMM,0.021740607024182942,0.0017465015507109882,1.4201609518968568e6,319903.0,19745.0,7108,1.4205208209392747e6
27,59,nADMM,0.019192056158065334,0.0015180272447548049,1.4202025582271668e6,320348.0,19830.0,7108,1.4205208209392747e6
27,60,nADMM,0.01692400181981931,0.0013321389061786704,1.4202401573613905e6,320793.0,19915.0,7108,1.4205208209392747e6
27,61,nADMM,0.014910124119557496,0.001171478104806667,1.4202737445007386e6,321238.0,20000.0,7108,1.4205208209392747e6
27,62,nADMM,0.013189470692388945,0.001016687780763803,1.4203015981190817e6,321623.0,20073.0,7108,1.4205208209392747e6
27,63,nADMM,0.011661740807957646,0.0008926830330100444,1.420326633398057e6,321993.0,20143.0,7108,1.4205208209392747e6
27,64,nADMM,0.010375409036739927,0.0007712765903722385,1.4203474797204584e6,322318.0,20204.0,7108,1.4205208209392747e6
27,65,nADMM,0.009209890893120683,0.0006773719695214453,1.4203664915507887e6,322628.0,20262.0,7108,1.4205208209392747e6
27,66,nADMM,0.00818228651570644,0.000597295483958149,1.4203837454909347e6,322938.0,20320.0,7108,1.4205208209392747e6
27,67,nADMM,0.007322224135961398,0.000514265617821863,1.420397386710816e6,323188.0,20366.0,7108,1.4205208209392747e6
27,68,nADMM,0.006555164211504874,0.00045075069847122506,1.4204099915903588e6,323438.0,20412.0,7108,1.4205208209392747e6
27,69,nADMM,0.005860754656371281,0.0003984547429976004,1.4204216710635978e6,323688.0,20458.0,7108,1.4205208209392747e6
27,70,nADMM,0.005286667106041964,0.00033971223855466803,1.42043036167049e6,323878.0,20492.0,7108,1.4205208209392747e6
27,71,nADMM,0.004779199282764652,0.00029605258307086046,1.4204384210460447e6,324068.0,20526.0,7108,1.4205208209392747e6
27,72,nADMM,0.004318690716436465,0.00026143634910802405,1.4204460618280855e6,324258.0,20560.0,7108,1.4205208209392747e6
27,73,nADMM,0.003900140805958438,0.00023285230231273601,1.4204531544857698e6,324448.0,20594.0,7108,1.4205208209392747e6
27,74,nADMM,0.003520263263096019,0.00020851555133027944,1.4204596610613093e6,324638.0,20628.0,7108,1.4205208209392747e6
27,75,nADMM,0.003225193046108089,0.00017407287699811036,1.4204637631828382e6,324768.0,20650.0,7108,1.4205208209392747e6
27,76,nADMM,0.002974335430900777,0.00014904213223942975,1.420467456656953e6,324898.0,20672.0,7108,1.4205208209392747e6
27,77,nADMM,0.002751988849198139,0.00013000558326403677,1.420471044707568e6,325028.0,20694.0,7108,1.4205208209392747e6
27,78,nADMM,0.0025515262121803203,0.00011516941276035197,1.4204744773172846e6,325158.0,20716.0,7108,1.4205208209392747e6
27,79,nADMM,0.0023677773962387065,0.0001032892163550514,1.420477728761744e6,325288.0,20738.0,7108,1.4205208209392747e6
27,80,nADMM,0.002197483791967015,9.351401754109645e-5,1.420480788232958e6,325418.0,20760.0,7108,1.4205208209392747e6
27,1,fADMM,117.48148719065433,15.582255790262185,387234.2206433512,258.0,65.0,75,1.4205208209392747e6
27,2,fADMM,43.46586156059679,4.166804772014183,785701.4956349516,516.0,130.0,75,1.4205208209392747e6
27,3,fADMM,29.20665573460441,2.897873898559096,961893.8332111232,774.0,195.0,75,1.4205208209392747e6
27,4,fADMM,22.194439757611747,2.290900795821866,1.0582326327520276e6,1032.0,260.0,75,1.4205208209392747e6
27,5,fADMM,17.54005124917158,1.862826754588772,1.12805064867136e6,1290.0,325.0,75,1.4205208209392747e6
27,6,fADMM,14.265478707068688,1.5335206015751872,1.181709664623021e6,1548.0,390.0,75,1.4205208209392747e6
27,7,fADMM,11.790469030840859,1.2730903720484346,1.2237450271349505e6,1806.0,455.0,75,1.4205208209392747e6
27,8,fADMM,9.891643846906964,1.0637479437199246,1.257108590796192e6,2064.0,520.0,75,1.4205208209392747e6
27,9,fADMM,8.388934104260116,0.8935300675090314,1.2838855433040287e6,2322.0,585.0,75,1.4205208209392747e6
27,10,fADMM,7.173561200819167,0.7539048358887737,1.305591900774029e6,2580.0,650.0,75,1.4205208209392747e6
27,11,fADMM,6.166294650828635,0.6385604322539855,1.323347696090192e6,2838.0,715.0,75,1.4205208209392747e6
27,12,fADMM,5.338714496340092,0.5427069104092155,1.3379908301997124e6,3096.0,780.0,75,1.4205208209392747e6
27,13,fADMM,4.626732883959775,0.46264081395296763,1.3501553723496427e6,3354.0,845.0,75,1.4205208209392747e6
27,14,fADMM,4.028624521407056,0.39545799947597793,1.3603265112799054e6,3612.0,910.0,75,1.4205208209392747e6
27,15,fADMM,3.517132767006763,0.3388558272375839,1.3688795873195038e6,3870.0,975.0,75,1.4205208209392747e6
27,16,fADMM,3.0706618712666582,0.29099218217929845,1.3761080773886866e6,4128.0,1040.0,75,1.4205208209392747e6
27,17,fADMM,2.684007736972923,0.2503822731378804,1.3822438320542374e6,4386.0,1105.0,75,1.4205208209392747e6
27,18,fADMM,2.354285546847243,0.21604149161964514,1.3874718344644874e6,4644.0,1170.0,75,1.4205208209392747e6
27,19,fADMM,2.0642263160895924,0.18670426242115035,1.3919410578809935e6,4902.0,1235.0,75,1.4205208209392747e6
27,20,fADMM,1.8092808181559081,0.16155308930472856,1.3957725249245474e6,5160.0,1300.0,75,1.4205208209392747e6
27,21,fADMM,1.585360072156468,0.13998919729697334,1.3990653451590375e6,5418.0,1365.0,75,1.4205208209392747e6
27,22,fADMM,1.388806868625296,0.1214884288263054,1.4019012810673693e6,5676.0,1430.0,75,1.4205208209392747e6
27,23,fADMM,1.2163630871240645,0.10551468041860623,1.4043482343804755e6,5934.0,1495.0,75,1.4205208209392747e6
27,24,fADMM,1.0651353466753168,0.09170525424797482,1.4064629338175885e6,6192.0,1560.0,75,1.4205208209392747e6
27,25,fADMM,0.932560732351014,0.07975318294910849,1.4082930270976317e6,6450.0,1625.0,75,1.4205208209392747e6
27,26,fADMM,0.8163737331246218,0.06941909027251825,1.4098787246479362e6,6708.0,1690.0,75,1.4205208209392747e6
27,27,fADMM,0.7145750813477536,0.06046700958273732,1.4112541029235532e6,6966.0,1755.0,75,1.4205208209392747e6
27,28,fADMM,0.6254028697223546,0.05268926762639481,1.4124481469232352e6,7224.0,1820.0,75,1.4205208209392747e6
27,29,fADMM,0.5473061057491154,0.04592759031553584,1.413485591057414e6,7482.0,1885.0,75,1.4205208209392747e6
27,30,fADMM,0.4789207202350978,0.04004592090131709,1.4143876026942562e6,7740.0,1950.0,75,1.4205208209392747e6
27,31,fADMM,0.41904795490301805,0.03492711803732895,1.4151723418750963e6,7998.0,2015.0,75,1.4205208209392747e6
27,32,fADMM,0.36663499899192664,0.030470182112672717,1.4158554227189969e6,8256.0,2080.0,75,1.4205208209392747e6
27,33,fADMM,0.3207577146077172,0.02658791761100865,1.4164502961289175e6,8514.0,2145.0,75,1.4205208209392747e6
27,34,fADMM,0.28060527727098267,0.023209893571989326,1.4169685690018453e6,8772.0,2210.0,75,1.4205208209392747e6
27,35,fADMM,0.24546655591937253,0.020265020514342424,1.4174202718263152e6,9030.0,2275.0,75,1.4205208209392747e6
27,36,fADMM,0.2147180612956881,0.01769609586308185,1.4178140840354695e6,9288.0,2340.0,75,1.4205208209392747e6
27,37,fADMM,0.1878133006983747,0.015454643532416767,1.418157524559648e6,9546.0,2405.0,75,1.4205208209392747e6
27,38,fADMM,0.16427338831678728,0.013498538036731844,1.4184571135405202e6,9804.0,2470.0,75,1.4205208209392747e6
27,39,fADMM,0.14367877271938234,0.011791152010442119,1.4187185100175196e6,10062.0,2535.0,75,1.4205208209392747e6
27,40,fADMM,0.125661955621168,0.010300622333549114,1.4189466294957187e6,10320.0,2600.0,75,1.4205208209392747e6
27,41,fADMM,0.10990108831604184,0.008999217518514513,1.4191457445928054e6,10578.0,2665.0,75,1.4205208209392747e6
27,42,fADMM,0.09611434380292046,0.007862791721800377,1.4193195713970563e6,10836.0,2730.0,75,1.4205208209392747e6
27,43,fADMM,0.0840549734878332,0.006870312991880567,1.4194713437148966e6,11094.0,2795.0,75,1.4205208209392747e6
27,44,fADMM,0.07350696732385148,0.00600345524234136,1.4196038770210452e6,11352.0,2860.0,75,1.4205208209392747e6
27,45,fADMM,0.06428124533859104,0.005246245009070449,1.419719623627163e6,11610.0,2925.0,75,1.4205208209392747e6
27,46,fADMM,0.056212316710752705,0.0045847553713525,1.4198207203422275e6,11868.0,2990.0,75,1.4205208209392747e6
27,47,fADMM,0.04915534993622567,0.004006840528088418,1.4199090296982548e6,12126.0,3055.0,75,1.4205208209392747e6
27,48,fADMM,0.04298360422465487,0.0035019054609648492,1.419986175649952e6,12384.0,3120.0,75,1.4205208209392747e6
27,49,fADMM,0.03758617815009814,0.00306070591182106,1.42005357451978e6,12642.0,3185.0,75,1.4205208209392747e6
27,50,fADMM,0.03286603680889221,0.0026751745774955538,1.420112461845406e6,12900.0,3250.0,75,1.4205208209392747e6
27,51,fADMM,0.02873828337427232,0.0023382700005818435,1.4201639156905056e6,13158.0,3315.0,75,1.4205208209392747e6
27,52,fADMM,0.025128645041613943,0.002043845124093835,1.4202088768990368e6,13416.0,3380.0,75,1.4205208209392747e6
27,53,fADMM,0.021972146985142153,0.0017865328974551176,1.420248166704819e6,13674.0,3445.0,75,1.4205208209392747e6
27,54,fADMM,0.019211951148677704,0.0015616466785388639,1.4202825020503467e6,13932.0,3510.0,75,1.4205208209392747e6
27,55,fADMM,0.01679833951484215,0.0013650934839972706,1.4203125089195096e6,14190.0,3575.0,75,1.4205208209392747e6
27,56,fADMM,0.014687823984201959,0.0011932984031464144,1.4203387339469336e6,14448.0,3640.0,75,1.4205208209392747e6
27,57,fADMM,0.012842367183638749,0.0010431387173674977,1.4203616545307862e6,14706.0,3705.0,75,1.4205208209392747e6
27,58,fADMM,0.011228700448218179,0.0009118864618038458,1.4203816876451185e6,14964.0,3770.0,75,1.4205208209392747e6
27,59,fADMM,0.009817726913344753,0.0007971583337162969,1.4203991975214768e6,15222.0,3835.0,75,1.4205208209392747e6
27,60,fADMM,0.008583999140107757,0.0006968719974977944,1.4204145023468074e6,15480.0,3900.0,75,1.4205208209392747e6
27,61,fADMM,0.007505262002851792,0.0006092079607107337,1.4204278801051667e6,15738.0,3965.0,75,1.4205208209392747e6
27,62,fADMM,0.0065620527142098515,0.0005325763044154996,1.42043957367385e6,15996.0,4030.0,75,1.4205208209392747e6
27,63,fADMM,0.0057373508685746475,0.00046558764421078536,1.4204497952700728e6,16254.0,4095.0,75,1.4205208209392747e6
27,64,fADMM,0.005016272267540486,0.000407027780008562,1.420458730331676e6,16512.0,4160.0,75,1.4205208209392747e6
27,65,fADMM,0.004385801065058748,0.00035583556256924,1.420466540904489e6,16770.0,4225.0,75,1.4205208209392747e6
27,66,fADMM,0.003834555448104244,0.0003110835660269373,1.4204733685995173e6,17028.0,4290.0,75,1.4205208209392747e6
27,67,fADMM,0.003352582664253334,0.0002719612087229706,1.4204793371749427e6,17286.0,4355.0,75,1.4205208209392747e6
27,68,fADMM,0.002931179728245174,0.00023776001050634932,1.4204845547908251e6,17544.0,4420.0,75,1.4205208209392747e6
27,69,fADMM,0.0025627365969867434,0.000207860714796837,1.4204891159782058e6,17802.0,4485.0,75,1.4205208209392747e6
27,70,fADMM,0.0022405990022394177,0.00018172203867550252,1.4204931033589812e6,18060.0,4550.0,75,1.4205208209392747e6
27,71,fADMM,0.001958948481320304,0.0001588708442739062,1.420496589148207e6,18318.0,4615.0,75,1.4205208209392747e6
27,72,fADMM,0.0017126974525453241,0.00013889355131979642,1.420499636466493e6,18576.0,4680.0,75,1.4205208209392747e6
27,73,fADMM,0.0014973974516124173,0.00012142863367614609,1.4205023004865542e6,18834.0,4745.0,75,1.4205208209392747e6
27,74,fADMM,0.0013091588802030777,0.00010616006253272303,1.4205046294349628e6,19092.0,4810.0,75,1.4205208209392747e6
27,75,fADMM,0.0011445808242644176,9.281157669249751e-5,1.4205066654674402e6,19350.0,4875.0,75,1.4205208209392747e6
